ชื่อพันธุ์,ประเภท,ไวแสง
กข1 (RD1),พันธุ์หนัก,
กข3 (RD3),พันธุ์หนัก,
กข5 (RD5),พันธุ์หนัก,
กข7 (RD7),พันธุ์หนัก,
กข9 (RD9),พันธุ์หนัก,
กข11 (RD11),พันธุ์หนัก,
กข13 (RD13),พันธุ์หนัก,
กข15 (RD15),พันธุ์หนัก,ใช่
กข17 (RD17),พันธุ์หนัก,
กข19 (RD19),พันธุ์หนัก,
กข21 (RD21),พันธุ์เบา,
กข23 (RD23),พันธุ์เบา,
กข25 (RD25),พันธุ์หนัก,
กข27 (RD27),พันธุ์เบา,
กข29 (ชัยนาท 80),พันธุ์เบา,
กข31 (ปทุมธานี 80),พันธุ์เบา,
กข33 (หอมอุบล 80),พันธุ์เบา,
กข35 (RD35),พันธุ์เบา,
กข37 (RD37),พันธุ์เบา,
กข39 (RD39),พันธุ์หนัก,
กข41 (RD41),พันธุ์เบา,
กข43 (RD43),พันธุ์เบา,
กข45 (RD45),พันธุ์เบา,
กข47 (RD47),พันธุ์เบา,
กข49 (RD49),พันธุ์เบา,
กข51 (RD51),พันธุ์เบา,
กข53 (RD53),พันธุ์เบา,
กข55 (RD55),พันธุ์เบา,
กข57 (RD57),พันธุ์เบา,
กข59 (RD59),พันธุ์เบา,
กข61 (RD61),พันธุ์เบา,
กข63 (RD63),พันธุ์เบา,
กข65 (RD65),พันธุ์เบา,
กข67 (RD67),พันธุ์เบา,
กข69 (RD69),พันธุ์เบา,
กข71 (RD71),พันธุ์เบา,
กข73 (RD73),พันธุ์เบา,
กข75 (RD75),พันธุ์เบา,
กข77 (RD77),พันธุ์เบา,
กข79 (RD79),พันธุ์หนัก,
กข81 (RD81),พันธุ์เบา,
กข83 (RD83),พันธุ์หนัก,
กข85 (RD85),พันธุ์หนัก,
กข87 (RD87),พันธุ์เบา,
กข89 (RD89),พันธุ์เบา,
กข91 (RD91),พันธุ์เบา,
กข93 (RD93),พันธุ์เบา,
กข95 (RD95),พันธุ์เบา,
กข97 (RD97),พันธุ์เบา,
กข99 (RD99),พันธุ์เบา,
กข101 (RD101),พันธุ์เบา,
กข103 (RD103),พันธุ์เบา,
กข105 (RD105),พันธุ์เบา,
กข107 (RD107),พันธุ์เบา,
ขาวดอกมะลิ 105 (KDML 105),พันธุ์หนัก,ใช่
ปทุมธานี 1,พันธุ์เบา,
สุพรรณบุรี 1,พันธุ์หนัก,
สุพรรณบุรี 2,พันธุ์เบา,
สุพรรณบุรี 3,พันธุ์เบา,
สุพรรณบุรี 60,พันธุ์หนัก,
สุพรรณบุรี 90,พันธุ์หนัก,
ชัยนาท 1,พันธุ์หนัก,
ชัยนาท 2,พันธุ์เบา,
พิษณุโลก 1,พันธุ์หนัก,
พิษณุโลก 2,พันธุ์หนัก,
พิษณุโลก 60-1,พันธุ์หนัก,
พิษณุโลก 80,พันธุ์เบา,
พัทลุง 60,พันธุ์หนัก,
ปราจีนบุรี 1,พันธุ์หนัก,
ปราจีนบุรี 2,พันธุ์หนัก,
ชุมแพ 60,พันธุ์หนัก,
เชียงใหม่ 60,พันธุ์หนัก,
แก่นจันทร์,พันธุ์หนัก,
คลองหลวง 1,พันธุ์เบา,
หอมสุพรรณบุรี,พันธุ์หนัก,
หอมคลองหลวง 1,พันธุ์เบา,
หอมปทุม,พันธุ์เบา,
หอมจันท์,พันธุ์หนัก,
หอมนางแก้ว,พันธุ์หนัก,
หอมชลสิทธิ์,พันธุ์หนัก,
หอมมาลี,พันธุ์หนัก,
ขาวตาแห้ง 17,พันธุ์หนัก,ใช่
ขาวปากหม้อ 148,พันธุ์หนัก,
นางพญา 132,พันธุ์หนัก,
พลายงาม พธ.60,พันธุ์หนัก,
เหนียวกระทัง 148,พันธุ์หนัก,
ตะเภาแก้ว 161,พันธุ์หนัก,
เจ๊กเชย 1 เสาไห้,พันธุ์หนัก,
ปิ่นแก้ว 56,พันธุ์หนัก,
สังข์หยดพัทลุง,พันธุ์หนัก,
เล็บนกปัตตานี,พันธุ์หนัก,
เฉี้ยงพัทลุง,พันธุ์หนัก,
พวงไร่ 2,พันธุ์หนัก,
พวงเงินพวงทอง,พันธุ์หนัก,
อัลฮัมดุลิลลาฮ์ 4,พันธุ์หนัก,
เจ้าฮ่อ,พันธุ์หนัก,
ทับทิมชุมพร,พันธุ์เบา,
ไรซ์เบอร์รี่,พันธุ์หนัก,
หอมดอย,พันธุ์หนัก,
บือโป๊ะโละ,พันธุ์หนัก,
เจ้าลอย,พันธุ์หนัก,
แดงดอ,พันธุ์เบา,
ก้องกลาง,พันธุ์เบา,
เหลืองทอง,พันธุ์หนัก,
ข้าวเจ้าหอมมะลิทุ่งกุลา,พันธุ์หนัก,ใช่
เบอร์ 5451,พันธุ์เบา,
